{
  "losses": [
    0.29830699266234706,
    0.09712639172399833,
    0.1051098921697987,
    0.11477090770855916,
    0.12053261678819814,
    0.12398987372736793,
    0.12507267759666463,
    0.1259806683702656,
    0.12720352745314767,
    0.1270347511134118,
    0.12919915903144139,
    0.12885878038061552,
    0.13067379909421295,
    0.13025705628712808,
    0.13079992606312282,
    0.13130032137221048,
    0.1326625659630811,
    0.13234749434839102,
    0.1317486869679256,
    0.13294004307182367,
    0.1326635527185911,
    0.13229443494630747,
    0.13381929817216948,
    0.13385457100639167,
    0.13523305030462662,
    0.13476865113643574,
    0.1354559080690638,
    0.1347716570454688,
    0.1352718967544146,
    0.13478969206864183,
    0.13490282211545085,
    0.13672531939550372,
    0.13569168780337681,
    0.1365485884526298,
    0.13542190435812002,
    0.13683908274166348,
    0.1363233176390987,
    0.13643952177391072,
    0.13624053028188954,
    0.13715559227222746,
    0.13588344983079217,
    0.13522612112612764,
    0.13505396702565436,
    0.13533673033672422,
    0.13498883723658472,
    0.13553068289641013,
    0.13704901504184097,
    0.13635053999783578,
    0.13574587047284792,
    0.1363799969611828
  ],
  "metrics": {
    "both": {
      "optimistic": {
        "adjusted_arithmetic_mean_rank": 0.10757917058882796,
        "adjusted_arithmetic_mean_rank_index": 0.8925416578248494,
        "adjusted_geometric_mean_rank_index": 0.977319420271841,
        "adjusted_hits_at_k": 0.16136340106286667,
        "adjusted_inverse_harmonic_mean_rank": 0.0730449456403652,
        "arithmetic_mean_rank": 794.6714546901187,
        "count": 118142.0,
        "geometric_mean_rank": 124.16936788406804,
        "harmonic_mean_rank": 13.571342461996865,
        "hits_at_1": 0.027323051920570163,
        "hits_at_10": 0.16193225101995903,
        "hits_at_3": 0.07518071473311777,
        "hits_at_5": 0.10553401838465576,
        "inverse_arithmetic_mean_rank": 0.001258381679747071,
        "inverse_geometric_mean_rank": 0.008053516072769735,
        "inverse_harmonic_mean_rank": 0.07368467804863438,
        "inverse_median_rank": 0.006944444444444444,
        "median_absolute_deviation": 206.08170837227868,
        "median_rank": 144.0,
        "standard_deviation": 1711.3275000468293,
        "variance": 2928641.8124165307,
        "z_arithmetic_mean_rank": 530.8992122896584,
        "z_geometric_mean_rank": 336.50441752024716,
        "z_hits_at_k": 2128.865767382466,
        "z_inverse_harmonic_mean_rank": 2380.3792588956694
      },
      "pessimistic": {
        "adjusted_arithmetic_mean_rank": 0.10757948570373868,
        "adjusted_arithmetic_mean_rank_index": 0.892541342667274,
        "adjusted_geometric_mean_rank_index": 0.9773193423546037,
        "adjusted_hits_at_k": 0.16136340106286667,
        "adjusted_inverse_harmonic_mean_rank": 0.0730449011259343,
        "arithmetic_mean_rank": 794.6737823974539,
        "count": 118142.0,
        "geometric_mean_rank": 124.16979102214376,
        "harmonic_mean_rank": 13.571350655070873,
        "hits_at_1": 0.027323051920570163,
        "hits_at_10": 0.16193225101995903,
        "hits_at_3": 0.07518071473311777,
        "hits_at_5": 0.10553401838465576,
        "inverse_arithmetic_mean_rank": 0.0012583779937763856,
        "inverse_geometric_mean_rank": 0.008053488628499549,
        "inverse_harmonic_mean_rank": 0.07368463356492484,
        "inverse_median_rank": 0.006944444444444444,
        "median_absolute_deviation": 206.08170837227868,
        "median_rank": 144.0,
        "standard_deviation": 1711.3305453630687,
        "variance": 2928652.235492658,
        "z_arithmetic_mean_rank": 530.8990248284827,
        "z_geometric_mean_rank": 336.5043906922788,
        "z_hits_at_k": 2128.865767382466,
        "z_inverse_harmonic_mean_rank": 2380.377808265142
      },
      "realistic": {
        "adjusted_arithmetic_mean_rank": 0.10757932664064727,
        "adjusted_arithmetic_mean_rank_index": 0.8925415017519016,
        "adjusted_geometric_mean_rank_index": 0.9773193828839953,
        "adjusted_hits_at_k": 0.16136340106286667,
        "adjusted_inverse_harmonic_mean_rank": 0.0730449227058122,
        "arithmetic_mean_rank": 794.672607421875,
        "count": 118142.0,
        "geometric_mean_rank": 124.16957092285156,
        "harmonic_mean_rank": 13.571346282958984,
        "hits_at_1": 0.027323051920570163,
        "hits_at_10": 0.16193225101995903,
        "hits_at_3": 0.07518071473311777,
        "hits_at_5": 0.10553401838465576,
        "inverse_arithmetic_mean_rank": 0.001258379896171391,
        "inverse_geometric_mean_rank": 0.00805350299924612,
        "inverse_harmonic_mean_rank": 0.07368465512990952,
        "inverse_median_rank": 0.0069444444961845875,
        "median_absolute_deviation": 206.0817108154297,
        "median_rank": 144.0,
        "standard_deviation": 1711.3289794921875,
        "variance": 2928646.75,
        "z_arithmetic_mean_rank": 530.8991194547701,
        "z_geometric_mean_rank": 336.5044046471015,
        "z_hits_at_k": 2128.865767382466,
        "z_inverse_harmonic_mean_rank": 2380.378511507417
      }
    },
    "head": {
      "optimistic": {
        "adjusted_arithmetic_mean_rank": 0.11534542725692729,
        "adjusted_arithmetic_mean_rank_index": 0.8847746765604992,
        "adjusted_geometric_mean_rank_index": 0.9734141773961972,
        "adjusted_hits_at_k": 0.1419904146301318,
        "adjusted_inverse_harmonic_mean_rank": 0.06865316829810503,
        "arithmetic_mean_rank": 849.720810550016,
        "count": 59071.0,
        "geometric_mean_rank": 144.96189858683343,
        "harmonic_mean_rank": 14.430493930877589,
        "hits_at_1": 0.028254134854666418,
        "hits_at_10": 0.14257419038106686,
        "hits_at_3": 0.07088080445565506,
        "hits_at_5": 0.0971373431971695,
        "inverse_arithmetic_mean_rank": 0.0011768571365843208,
        "inverse_geometric_mean_rank": 0.006898364396082957,
        "inverse_harmonic_mean_rank": 0.06929769727841777,
        "inverse_median_rank": 0.005681818181818182,
        "median_absolute_deviation": 252.04237714595234,
        "median_rank": 176.0,
        "standard_deviation": 1762.5859424176692,
        "variance": 3106709.204408383,
        "z_arithmetic_mean_rank": 372.0817302996636,
        "z_geometric_mean_rank": 236.97782152911066,
        "z_hits_at_k": 1322.5797814235623,
        "z_inverse_harmonic_mean_rank": 1579.56804725045
      },
      "pessimistic": {
        "adjusted_arithmetic_mean_rank": 0.11534578114874804,
        "adjusted_arithmetic_mean_rank_index": 0.8847743226206329,
        "adjusted_geometric_mean_rank_index": 0.9734140737915605,
        "adjusted_hits_at_k": 0.1419904146301318,
        "adjusted_inverse_harmonic_mean_rank": 0.06865310742341428,
        "arithmetic_mean_rank": 849.7234175822316,
        "count": 59071.0,
        "geometric_mean_rank": 144.96245960465149,
        "harmonic_mean_rank": 14.43050659861024,
        "hits_at_1": 0.028254134854666418,
        "hits_at_10": 0.14257419038106686,
        "hits_at_3": 0.07088080445565506,
        "hits_at_5": 0.0971373431971695,
        "inverse_arithmetic_mean_rank": 0.0011768535258747596,
        "inverse_geometric_mean_rank": 0.00689833769878938,
        "inverse_harmonic_mean_rank": 0.06929763644585472,
        "inverse_median_rank": 0.005681818181818182,
        "median_absolute_deviation": 252.04237714595234,
        "median_rank": 176.0,
        "standard_deviation": 1762.5889807913422,
        "variance": 3106719.915207063,
        "z_arithmetic_mean_rank": 372.0815814543571,
        "z_geometric_mean_rank": 236.97779630654696,
        "z_hits_at_k": 1322.5797814235623,
        "z_inverse_harmonic_mean_rank": 1579.5666466491557
      },
      "realistic": {
        "adjusted_arithmetic_mean_rank": 0.11534559494940899,
        "adjusted_arithmetic_mean_rank_index": 0.884774508845251,