{
  "losses": [
    1.9920048543385096,
    1.9387381417410714,
    1.8922594274793352,
    1.8481607607432775,
    1.80490357535226,
    1.7620933226176672,
    1.718154685837882,
    1.6742811032703944,
    1.630029899733407,
    1.5865361179624284,
    1.540982723236084,
    1.4971038273402624,
    1.4532322202410017,
    1.4082506554467338,
    1.365554690361023,
    1.3215693916593279,
    1.2799407584326608,
    1.2382023334503174,
    1.1974704095295496,
    1.158464687211173,
    1.1220732757023402,
    1.0867690699441093,
    1.0513987711497716,
    1.0189063038144792,
    0.9870594995362418,
    0.9576876929828099,
    0.9309278982026237,
    0.903601620878492,
    0.879949722971235,
    0.8558570402009147,
    0.8338072299957275,
    0.8126306959560939,
    0.7946752565247672,
    0.7757756114006042,
    0.759690889290401,
    0.7436617697988238,
    0.7271489075251988,
    0.7154878973960876,
    0.7024593438420977,
    0.6921230128833226,
    0.679210935320173,
    0.6700984920774188,
    0.6599070089203971,
    0.6516582114355904,
    0.6419088159288678,
    0.6350450089999607,
    0.6272443362644741,
    0.6197445477758136,
    0.6139781475067139,
    0.6079587170055935,
    0.6034847923687526,
    0.597121170588902,
    0.591536922114236,
    0.5887662938662938,
    0.5837306124823434,
    0.5786892090524945,
    0.5738702416419983,
    0.5704089403152466,
    0.5670384253774371,
    0.5628082922526768,
    0.5615603072302682,
    0.5596407396452767,
    0.555311952318464,
    0.5518868395260402,
    0.5488111121313912,
    0.547246515750885,
    0.5448365807533264,
    0.5421161566461835,
    0.5384500197001866,
    0.5362104773521423,
    0.5344622390610831,
    0.534247602735247,
    0.531222973551069,
    0.5295267701148987,
    0.528297654220036,
    0.5263237868036542,
    0.5244712488991874,
    0.5233145441327777,
    0.5212145447731018,
    0.5188593012945992,
    0.518159202166966,
    0.5172364286014012,
    0.5143244777406965,
    0.514989265373775,
    0.5113258617264884,
    0.510713917868478,
    0.5077171240534101,
    0.5104511295046125,
    0.507139265537262,
    0.5052919132368905,
    0.5063147076538631,
    0.5048193335533142,
    0.5046006398541587,
    0.502409645489284,
    0.5033941652093615,
    0.49880207010677885,
    0.4993024468421936,
    0.4974410831928253,
    0.4975136050156185,
    0.4965816140174866
  ],
  "metrics": {
    "both": {
      "optimistic": {
        "adjusted_arithmetic_mean_rank": 0.5347264194157652,
        "adjusted_arithmetic_mean_rank_index": 0.46531145668697693,
        "adjusted_geometric_mean_rank_index": 0.9464105531802043,
        "adjusted_hits_at_k": 0.17818578485059067,
        "adjusted_inverse_harmonic_mean_rank": 0.11677241399914708,
        "arithmetic_mean_rank": 6569.163961813842,
        "count": 4190.0,
        "geometric_mean_rank": 485.4815493800634,
        "harmonic_mean_rank": 8.53558475193279,
        "hits_at_1": 0.08472553699284009,
        "hits_at_10": 0.1785202863961814,
        "hits_at_3": 0.1233890214797136,
        "hits_at_5": 0.14534606205250597,
        "inverse_arithmetic_mean_rank": 0.00015222637245971332,
        "inverse_geometric_mean_rank": 0.002059810514481862,
        "inverse_harmonic_mean_rank": 0.11715658962598444,
        "inverse_median_rank": 0.001095890410958904,
        "median_absolute_deviation": 1351.3919221678561,
        "median_rank": 912.5,
        "standard_deviation": 8610.7881019452,
        "variance": 74145671.73660101,
        "z_arithmetic_mean_rank": 52.16584288140002,
        "z_geometric_mean_rank": 61.34001642846189,
        "z_hits_at_k": 571.5831612798296,
        "z_inverse_harmonic_mean_rank": 924.680559468855
      },
      "pessimistic": {
        "adjusted_arithmetic_mean_rank": 0.534726730249037,
        "adjusted_arithmetic_mean_rank_index": 0.4653111458284013,
        "adjusted_geometric_mean_rank_index": 0.9464105229677462,
        "adjusted_hits_at_k": 0.17818578485059067,
        "adjusted_inverse_harmonic_mean_rank": 0.11677241373211598,
        "arithmetic_mean_rank": 6569.167780429594,
        "count": 4190.0,
        "geometric_mean_rank": 485.4818225192611,
        "harmonic_mean_rank": 8.5355847713792,
        "hits_at_1": 0.08472553699284009,
        "hits_at_10": 0.1785202863961814,
        "hits_at_3": 0.1233890214797136,
        "hits_at_5": 0.14534606205250597,
        "inverse_arithmetic_mean_rank": 0.0001522262839714842,
        "inverse_geometric_mean_rank": 0.0020598093556022396,
        "inverse_harmonic_mean_rank": 0.11715658935906949,
        "inverse_median_rank": 0.001095890410958904,
        "median_absolute_deviation": 1351.3919221678561,
        "median_rank": 912.5,
        "standard_deviation": 8610.790563455656,
        "variance": 74145714.12769698,
        "z_arithmetic_mean_rank": 52.1658080311951,
        "z_geometric_mean_rank": 61.34001447029197,
        "z_hits_at_k": 571.5831612798296,
        "z_inverse_harmonic_mean_rank": 924.6805573543277
      },
      "realistic": {
        "adjusted_arithmetic_mean_rank": 0.5347265865948907,
        "adjusted_arithmetic_mean_rank_index": 0.46531128949424205,
        "adjusted_geometric_mean_rank_index": 0.9464105410620591,
        "adjusted_hits_at_k": 0.17818578485059067,
        "adjusted_inverse_harmonic_mean_rank": 0.11677241936718152,
        "arithmetic_mean_rank": 6569.166015625,
        "count": 4190.0,
        "geometric_mean_rank": 485.4816589355469,
        "harmonic_mean_rank": 8.535584449768066,
        "hits_at_1": 0.08472553699284009,
        "hits_at_10": 0.1785202863961814,
        "hits_at_3": 0.1233890214797136,
        "hits_at_5": 0.14534606205250597,
        "inverse_arithmetic_mean_rank": 0.00015222631918732077,
        "inverse_geometric_mean_rank": 0.002059810096397996,
        "inverse_harmonic_mean_rank": 0.11715659499168396,
        "inverse_median_rank": 0.001095890416763723,
        "median_absolute_deviation": 1351.3919677734375,
        "median_rank": 912.5,
        "standard_deviation": 8610.7890625,
        "variance": 74145696.0,
        "z_arithmetic_mean_rank": 52.165824137503186,
        "z_geometric_mean_rank": 61.34001564304458,
        "z_hits_at_k": 571.5831612798296,
        "z_inverse_harmonic_mean_rank": 924.6806019764724
      }
    },
    "head": {
      "optimistic": {
        "adjusted_arithmetic_mean_rank": 0.81135427689451,
        "adjusted_arithmetic_mean_rank_index": 0.18866111157705934,
        "adjusted_geometric_mean_rank_index": 0.7497503945965371,
        "adjusted_hits_at_k": 0.07647295794892661,
        "adjusted_inverse_harmonic_mean_rank": 0.05897122978447263,
        "arithmetic_mean_rank": 9947.121718377088,
        "count": 2095.0,
        "geometric_mean_rank": 2259.009719268408,
        "harmonic_mean_rank": 16.840313078223158,
        "hits_at_1": 0.04916467780429594,
        "hits_at_10": 0.07684964200477327,
        "hits_at_3": 0.06014319809069212,
        "hits_at_5": 0.06634844868735083,
        "inverse_arithmetic_mean_rank": 0.00010053159379285789,
        "inverse_geometric_mean_rank": 0.0004426718448665441,
        "inverse_harmonic_mean_rank": 0.059381318824359486,
        "inverse_median_rank": 0.00012146240738491437,
        "median_absolute_deviation": 11823.752692582175,
        "median_rank": 8233.0,
        "standard_deviation": 9104.903415113737,
        "variance": 82899266.19854978,
        "z_arithmetic_mean_rank": 14.955610051144959,
        "z_geometric_mean_rank": 34.3671457514013,
        "z_hits_at_k": 173.27962936551134,
        "z_inverse_harmonic_mean_rank": 329.85706695831215
      },
      "pessimistic": {
        "adjusted_arithmetic_mean_rank": 0.8113547441025593,
        "adjusted_arithmetic_mean_rank_index": 0.18866064433089835,
        "adjusted_geometric_mean_rank_index": 0.7497501589453972,
        "adjusted_hits_at_k": 0.07647295794892661,
        "adjusted_inverse_harmonic_mean_rank": 0.058971229269103455,