{
  "losses": [
    0.4691001169445101,
    0.32922488087711255,
    0.2977765600912827,
    0.2860071316115127,
    0.2816641597954695,
    0.2767077616669915,
    0.2715476159283445,
    0.2679988737872317,
    0.2664425201898764,
    0.2651208075117474,
    0.2636223710642373,
    0.26407654758943017,
    0.26313738983647883,
    0.2621137820307381,
    0.2623352132860787,
    0.2614994037680882,
    0.26006659003328686,
    0.2602618192284068,
    0.2608707428347966,
    0.25953849534357876,
    0.2591789302931837,
    0.2591879703104496,
    0.26044050416301107,
    0.2584767829903886,
    0.2596429106433037,
    0.2588242805940061,
    0.25836015702032844,
    0.2584186054704603,
    0.25787946338619083,
    0.25852470561738844,
    0.25799170866116017,
    0.2561051056466319,
    0.2577635393100829,
    0.25760638704600414,
    0.25715566158664127,
    0.25770974839644983,
    0.2573955352456609,
    0.25609392460343267,
    0.25628048526354075,
    0.25754458872863084,
    0.2570867332483619,
    0.25533964026195943,
    0.25693011739529853,
    0.2552570776382754,
    0.25543420139915685,
    0.2557533416619971,
    0.2553134037812879,
    0.25489333253507773,
    0.25458045436207916,
    0.2563819552132906
  ],
  "metrics": {
    "both": {
      "optimistic": {
        "adjusted_arithmetic_mean_rank": 0.3218723609144132,
        "adjusted_arithmetic_mean_rank_index": 0.6782194534899588,
        "adjusted_geometric_mean_rank_index": 0.894891794627958,
        "adjusted_hits_at_k": 0.05746024728033933,
        "adjusted_inverse_harmonic_mean_rank": 0.03158494333015334,
        "arithmetic_mean_rank": 2377.623622420477,
        "count": 118142.0,
        "geometric_mean_rank": 571.801600764642,
        "harmonic_mean_rank": 31.004589847125303,
        "hits_at_1": 0.015963840124595827,
        "hits_at_10": 0.058099575087606437,
        "hits_at_3": 0.02937143437558193,
        "hits_at_5": 0.0394271300638215,
        "inverse_arithmetic_mean_rank": 0.00042058801509634074,
        "inverse_geometric_mean_rank": 0.0017488583429335445,
        "inverse_harmonic_mean_rank": 0.032253289107538975,
        "inverse_median_rank": 0.001182033096926714,
        "median_absolute_deviation": 1193.4947858970095,
        "median_rank": 846.0,
        "standard_deviation": 3398.9321564650954,
        "variance": 11552739.804252464,
        "z_arithmetic_mean_rank": 403.4166589992378,
        "z_geometric_mean_rank": 308.1234608140387,
        "z_hits_at_k": 758.0724787325742,
        "z_inverse_harmonic_mean_rank": 1029.286055830053
      },
      "pessimistic": {
        "adjusted_arithmetic_mean_rank": 0.3222889806401781,
        "adjusted_arithmetic_mean_rank_index": 0.6778027773563884,
        "adjusted_geometric_mean_rank_index": 0.893780134444734,
        "adjusted_hits_at_k": 0.055757750018556665,
        "adjusted_inverse_harmonic_mean_rank": 0.030704919094320215,
        "arithmetic_mean_rank": 2380.7011308425454,
        "count": 118142.0,
        "geometric_mean_rank": 577.838592927571,
        "harmonic_mean_rank": 31.873655669410397,
        "hits_at_1": 0.015422119144758002,
        "hits_at_10": 0.05639823263530328,
        "hits_at_3": 0.028457280222105603,
        "hits_at_5": 0.0382336510301163,
        "inverse_arithmetic_mean_rank": 0.00042004432519679344,
        "inverse_geometric_mean_rank": 0.0017305870743828022,
        "inverse_harmonic_mean_rank": 0.03137387221509437,
        "inverse_median_rank": 0.001182033096926714,
        "median_absolute_deviation": 1192.012183678504,
        "median_rank": 846.0,
        "standard_deviation": 3404.450701269579,
        "variance": 11590284.57737493,
        "z_arithmetic_mean_rank": 403.16881282964664,
        "z_geometric_mean_rank": 307.740701037985,
        "z_hits_at_k": 735.611449057949,
        "z_inverse_harmonic_mean_rank": 1000.6079396381904
      },
      "realistic": {
        "adjusted_arithmetic_mean_rank": 0.3220806345972697,
        "adjusted_arithmetic_mean_rank_index": 0.6780111516080981,
        "adjusted_geometric_mean_rank_index": 0.8941651691934261,
        "adjusted_hits_at_k": 0.05600338395184869,
        "adjusted_inverse_harmonic_mean_rank": 0.030854165230644943,
        "arithmetic_mean_rank": 2379.162109375,
        "count": 118142.0,
        "geometric_mean_rank": 575.7476196289062,
        "harmonic_mean_rank": 31.72285270690918,
        "hits_at_1": 0.015422119144758002,
        "hits_at_10": 0.05664369995429229,
        "hits_at_3": 0.028541924125205263,
        "hits_at_5": 0.03848758273941528,
        "inverse_arithmetic_mean_rank": 0.00042031603516079485,
        "inverse_geometric_mean_rank": 0.0017368721310049295,
        "inverse_harmonic_mean_rank": 0.03152301535010338,
        "inverse_median_rank": 0.0011820330983027816,
        "median_absolute_deviation": 1192.01220703125,
        "median_rank": 846.0,
        "standard_deviation": 3401.637451171875,
        "variance": 11571137.0,
        "z_arithmetic_mean_rank": 403.29275743786104,
        "z_geometric_mean_rank": 307.87327375796394,
        "z_hits_at_k": 738.8520951304073,
        "z_inverse_harmonic_mean_rank": 1005.4715534620246
      }
    },
    "head": {
      "optimistic": {
        "adjusted_arithmetic_mean_rank": 0.3388721118377205,
        "adjusted_arithmetic_mean_rank_index": 0.6612176452105354,
        "adjusted_geometric_mean_rank_index": 0.8789182716976973,
        "adjusted_hits_at_k": 0.047870071556922286,
        "adjusted_inverse_harmonic_mean_rank": 0.026497592104063408,
        "arithmetic_mean_rank": 2496.3857899815475,
        "count": 59071.0,
        "geometric_mean_rank": 656.6560521125768,
        "harmonic_mean_rank": 36.80354659102967,
        "hits_at_1": 0.013238306444786782,
        "hits_at_10": 0.04851788525672496,
        "hits_at_3": 0.023717221648524658,
        "hits_at_5": 0.03230011342283015,
        "inverse_arithmetic_mean_rank": 0.000400579110814195,
        "inverse_geometric_mean_rank": 0.0015228672556703406,
        "inverse_harmonic_mean_rank": 0.027171294416602106,
        "inverse_median_rank": 0.0010330578512396695,
        "median_absolute_deviation": 1344.720212184581,
        "median_rank": 968.0,
        "standard_deviation": 3454.1719647845466,
        "variance": 11931303.962303534,
        "z_arithmetic_mean_rank": 278.0674131531636,
        "z_geometric_mean_rank": 213.972779691985,
        "z_hits_at_k": 445.88917457143003,
        "z_inverse_harmonic_mean_rank": 609.6550363839458
      },
      "pessimistic": {
        "adjusted_arithmetic_mean_rank": 0.33930459521865036,
        "adjusted_arithmetic_mean_rank_index": 0.66078510311414,
        "adjusted_geometric_mean_rank_index": 0.8776642447686352,
        "adjusted_hits_at_k": 0.04654872764768716,
        "adjusted_inverse_harmonic_mean_rank": 0.0256885062209438,
        "arithmetic_mean_rank": 2499.571786494219,
        "count": 59071.0,
        "geometric_mean_rank": 663.446592329338,
        "harmonic_mean_rank": 37.93228324185948,
        "hits_at_1": 0.012747371806808756,
        "hits_at_10": 0.047197440368370265,
        "hits_at_3": 0.022819996275668265,
        "hits_at_5": 0.031182813901914644,
        "inverse_arithmetic_mean_rank": 0.00040006852589841103,
        "inverse_geometric_mean_rank": 0.001507280332074711,
        "inverse_harmonic_mean_rank": 0.026362768453032856,
        "inverse_median_rank": 0.0010309278350515464,
        "median_absolute_deviation": 1344.720212184581,
        "median_rank": 970.0,
        "standard_deviation": 3459.5441492039818,
        "variance": 11968445.720291503,
        "z_arithmetic_mean_rank": 277.88551259032215,
        "z_geometric_mean_rank": 213.66748665569196,
        "z_hits_at_k": 433.5814230713461,
        "z_inverse_harmonic_mean_rank": 591.0396361025225
      },
      "realistic": {
        "adjusted_arithmetic_mean_rank": 0.33908838280410714,
        "adjusted_arithmetic_mean_rank_index": 0.6610013448824414,