{
  "losses": [
    0.3632099547785176,
    0.14143311768031316,
    0.11250131218578698,
    0.1006293916720743,
    0.09437980995444227,
    0.09084665729117787,
    0.08878769925680043,
    0.0877929903135812,
    0.08754326210719002,
    0.0869254919985109,
    0.08684402959775334,
    0.08689100918752596,
    0.08672164283569686,
    0.08673182260706898,
    0.08659488104345385,
    0.08656679420185483,
    0.08703438001723329,
    0.0866929050381026,
    0.08661595765839923,
    0.08717616197214392,
    0.08666633646781287,
    0.08637139261969604,
    0.0855196563080569,
    0.0856505729150304,
    0.08588160383553545,
    0.08611614112395885,
    0.08680923396244275,
    0.0858984046176938,
    0.0859782778126888,
    0.08600398087643149,
    0.0859122580025068,
    0.08609045179145149,
    0.08676948907885178,
    0.08565218323333697,
    0.08589687530905747,
    0.08623957038233596,
    0.08555649828227345,
    0.08577374925390502,
    0.08639718545215928,
    0.0864829833134393,
    0.0858491466819378,
    0.0856625228381354,
    0.08583480173583366,
    0.08572948644753577,
    0.0866052141520849,
    0.08592290117228327,
    0.08762596499882946,
    0.08739898162932436,
    0.0858751069831331,
    0.08637524617851274
  ],
  "metrics": {
    "both": {
      "optimistic": {
        "adjusted_arithmetic_mean_rank": 0.24308122343556596,
        "adjusted_arithmetic_mean_rank_index": 0.7570212588150056,
        "adjusted_geometric_mean_rank_index": 0.8466601522906354,
        "adjusted_hits_at_k": 0.021800976274841646,
        "adjusted_inverse_harmonic_mean_rank": 0.0113994235093162,
        "arithmetic_mean_rank": 1795.6051192632594,
        "count": 118142.0,
        "geometric_mean_rank": 833.7288076482859,
        "harmonic_mean_rank": 82.76980750906928,
        "hits_at_1": 0.003851297591034518,
        "hits_at_10": 0.022464491882649693,
        "hits_at_3": 0.00979329958863063,
        "hits_at_5": 0.013949315230823925,
        "inverse_arithmetic_mean_rank": 0.0005569153202293732,
        "inverse_geometric_mean_rank": 0.001199430787117358,
        "inverse_harmonic_mean_rank": 0.012081700200769799,
        "inverse_median_rank": 0.0008163265306122449,
        "median_absolute_deviation": 1432.1937430764115,
        "median_rank": 1225.0,
        "standard_deviation": 1931.642637490066,
        "variance": 3731243.2789695784,
        "z_arithmetic_mean_rank": 450.28933548139264,
        "z_geometric_mean_rank": 291.5166479603136,
        "z_hits_at_k": 287.62006614465184,
        "z_inverse_harmonic_mean_rank": 371.4829417293588
      },
      "pessimistic": {
        "adjusted_arithmetic_mean_rank": 0.2430813689613611,
        "adjusted_arithmetic_mean_rank_index": 0.757021113269507,
        "adjusted_geometric_mean_rank_index": 0.8466600085640739,
        "adjusted_hits_at_k": 0.021800976274841646,
        "adjusted_inverse_harmonic_mean_rank": 0.011399419072296527,
        "arithmetic_mean_rank": 1795.606194240829,
        "count": 118142.0,
        "geometric_mean_rank": 833.7295881710918,
        "harmonic_mean_rank": 82.76983788541835,
        "hits_at_1": 0.003851297591034518,
        "hits_at_10": 0.022464491882649693,
        "hits_at_3": 0.00979329958863063,
        "hits_at_5": 0.013949315230823925,
        "inverse_arithmetic_mean_rank": 0.0005569149868202553,
        "inverse_geometric_mean_rank": 0.0011994296642315967,
        "inverse_harmonic_mean_rank": 0.012081695766812308,
        "inverse_median_rank": 0.0008163265306122449,
        "median_absolute_deviation": 1432.1937430764115,
        "median_rank": 1225.0,
        "standard_deviation": 1931.643435746238,
        "variance": 3731246.3628615313,
        "z_arithmetic_mean_rank": 450.28924890841336,
        "z_geometric_mean_rank": 291.5165984732965,
        "z_hits_at_k": 287.62006614465184,
        "z_inverse_harmonic_mean_rank": 371.48279713633445
      },
      "realistic": {
        "adjusted_arithmetic_mean_rank": 0.24308130379826082,
        "adjusted_arithmetic_mean_rank_index": 0.75702117844143,
        "adjusted_geometric_mean_rank_index": 0.8466601386296174,
        "adjusted_hits_at_k": 0.021800976274841646,
        "adjusted_inverse_harmonic_mean_rank": 0.011399421821902966,
        "arithmetic_mean_rank": 1795.605712890625,
        "count": 118142.0,
        "geometric_mean_rank": 833.7288818359375,
        "harmonic_mean_rank": 82.76982116699219,
        "hits_at_1": 0.003851297591034518,
        "hits_at_10": 0.022464491882649693,
        "hits_at_3": 0.00979329958863063,
        "hits_at_5": 0.013949315230823925,
        "inverse_arithmetic_mean_rank": 0.0005569151253439486,
        "inverse_geometric_mean_rank": 0.001199430669657886,
        "inverse_harmonic_mean_rank": 0.012081698514521122,
        "inverse_median_rank": 0.0008163265301845968,
        "median_absolute_deviation": 1432.1937255859375,
        "median_rank": 1225.0,
        "standard_deviation": 1931.64306640625,
        "variance": 3731244.75,
        "z_arithmetic_mean_rank": 450.2892876738001,
        "z_geometric_mean_rank": 291.51664325663864,
        "z_hits_at_k": 287.62006614465184,
        "z_inverse_harmonic_mean_rank": 371.48288674015413
      }
    },
    "head": {
      "optimistic": {
        "adjusted_arithmetic_mean_rank": 0.24083181996704994,
        "adjusted_arithmetic_mean_rank_index": 0.7592712473761821,
        "adjusted_geometric_mean_rank_index": 0.8510252130589386,
        "adjusted_hits_at_k": 0.022103865326837394,
        "adjusted_inverse_harmonic_mean_rank": 0.011516291484623683,
        "arithmetic_mean_rank": 1774.147568180664,
        "count": 59071.0,
        "geometric_mean_rank": 807.6966175624955,
        "harmonic_mean_rank": 81.96478472713704,
        "hits_at_1": 0.003842833200724552,
        "hits_at_10": 0.022769209933808467,
        "hits_at_3": 0.009446259585922026,
        "hits_at_5": 0.013881600108344196,
        "inverse_arithmetic_mean_rank": 0.0005636509712805179,
        "inverse_geometric_mean_rank": 0.0012380886316174589,
        "inverse_harmonic_mean_rank": 0.012200361451921415,
        "inverse_median_rank": 0.0008525149190110827,
        "median_absolute_deviation": 1398.0938920507826,
        "median_rank": 1173.0,
        "standard_deviation": 1931.2163437008066,
        "variance": 3729596.566177112,
        "z_arithmetic_mean_rank": 319.3027185054117,
        "z_geometric_mean_rank": 207.18221055349343,
        "z_hits_at_k": 205.88802031979336,
        "z_inverse_harmonic_mean_rank": 264.9661552828308
      },
      "pessimistic": {
        "adjusted_arithmetic_mean_rank": 0.24083196933697426,
        "adjusted_arithmetic_mean_rank_index": 0.7592710979859788,
        "adjusted_geometric_mean_rank_index": 0.8510250185811199,
        "adjusted_hits_at_k": 0.022103865326837394,
        "adjusted_inverse_harmonic_mean_rank": 0.011516283649751354,
        "arithmetic_mean_rank": 1774.1486685514042,
        "count": 59071.0,
        "geometric_mean_rank": 807.697670657464,
        "harmonic_mean_rank": 81.96483732718677,
        "hits_at_1": 0.003842833200724552,
        "hits_at_10": 0.022769209933808467,
        "hits_at_3": 0.009446259585922026,
        "hits_at_5": 0.013881600108344196,
        "inverse_arithmetic_mean_rank": 0.0005636506216902905,
        "inverse_geometric_mean_rank": 0.0012380870173687667,
        "inverse_harmonic_mean_rank": 0.012200353622471129,
        "inverse_median_rank": 0.0008525149190110827,
        "median_absolute_deviation": 1398.0938920507826,
        "median_rank": 1173.0,
        "standard_deviation": 1931.2171185931797,
        "variance": 3729599.559147344,
        "z_arithmetic_mean_rank": 319.302655681094,
        "z_geometric_mean_rank": 207.1821632078405,
        "z_hits_at_k": 205.88802031979336,
        "z_inverse_harmonic_mean_rank": 264.96597501855035
      },
      "realistic": {
        "adjusted_arithmetic_mean_rank": 0.24083187169109893,