{
  "losses": [
    0.3703868035688873,
    0.1331158616572372,
    0.10416028580882332,
    0.09260497859502134,
    0.08648547871915763,
    0.08293677937270195,
    0.08090368984651959,
    0.07963034336662982,
    0.0791356081820347,
    0.0792976518215473,
    0.07928623546161188,
    0.07871347645774854,
    0.07868775546027362,
    0.07892429282165263,
    0.07880096433083873,
    0.0788134837384559,
    0.07874660251646741,
    0.07875565054618623,
    0.07828748136881955,
    0.07848891814447138,
    0.07783858000862696,
    0.07841743168628905,
    0.07821377252097711,
    0.07830062614800024,
    0.07782155252254207,
    0.07797369650326484,
    0.07791476037106977,
    0.07780863765688721,
    0.07818517883208172,
    0.0775946517174771,
    0.07849854838164631,
    0.07815102773356783,
    0.07794760062921145,
    0.07727344897537192,
    0.07720453950214731,
    0.07782802148144846,
    0.07718785526615775,
    0.07781901812442571,
    0.07778375947555481,
    0.07800529870273899,
    0.07866490459115791,
    0.07781300896178346,
    0.07739059381525625,
    0.07764243379943381,
    0.07678534194426842,
    0.07648282337256453,
    0.07713677534017681,
    0.07762828814096687,
    0.07762079041697516,
    0.07804128930188162
  ],
  "metrics": {
    "both": {
      "optimistic": {
        "adjusted_arithmetic_mean_rank": 0.22915325553123653,
        "adjusted_arithmetic_mean_rank_index": 0.7709511124824325,
        "adjusted_geometric_mean_rank_index": 0.8613164780789943,
        "adjusted_hits_at_k": 0.027399735926773704,
        "adjusted_inverse_harmonic_mean_rank": 0.013447593989726569,
        "arithmetic_mean_rank": 1692.721276091483,
        "count": 118142.0,
        "geometric_mean_rank": 754.136028076877,
        "harmonic_mean_rank": 70.77913670769979,
        "hits_at_1": 0.004282981496842782,
        "hits_at_10": 0.0280594538775372,
        "hits_at_3": 0.011816288872712499,
        "hits_at_5": 0.01707267525520137,
        "inverse_arithmetic_mean_rank": 0.0005907647136739569,
        "inverse_geometric_mean_rank": 0.00132602072142091,
        "inverse_harmonic_mean_rank": 0.014128457148746403,
        "inverse_median_rank": 0.0008880994671403197,
        "median_absolute_deviation": 1346.2028144030867,
        "median_rank": 1126.0,
        "standard_deviation": 1867.1530321693692,
        "variance": 3486260.4455392696,
        "z_arithmetic_mean_rank": 458.575053323818,
        "z_geometric_mean_rank": 296.5630209987485,
        "z_hits_at_k": 361.48444731344443,
        "z_inverse_harmonic_mean_rank": 438.22845693933965
      },
      "pessimistic": {
        "adjusted_arithmetic_mean_rank": 0.22915340907813847,
        "adjusted_arithmetic_mean_rank_index": 0.7709509589147413,
        "adjusted_geometric_mean_rank_index": 0.8613162249924892,
        "adjusted_hits_at_k": 0.027399735926773704,
        "adjusted_inverse_harmonic_mean_rank": 0.01344756010237468,
        "arithmetic_mean_rank": 1692.7224103197846,
        "count": 118142.0,
        "geometric_mean_rank": 754.1374024908127,
        "harmonic_mean_rank": 70.779306355943,
        "hits_at_1": 0.004282981496842782,
        "hits_at_10": 0.0280594538775372,
        "hits_at_3": 0.011816288872712499,
        "hits_at_5": 0.01707267525520137,
        "inverse_arithmetic_mean_rank": 0.0005907643178252025,
        "inverse_geometric_mean_rank": 0.0013260183047507478,
        "inverse_harmonic_mean_rank": 0.014128423284781665,
        "inverse_median_rank": 0.0008880994671403197,
        "median_absolute_deviation": 1346.2028144030867,
        "median_rank": 1126.0,
        "standard_deviation": 1867.1539222638617,
        "variance": 3486263.769425323,
        "z_arithmetic_mean_rank": 458.57496197909967,
        "z_geometric_mean_rank": 296.56293385761,
        "z_hits_at_k": 361.48444731344443,
        "z_inverse_harmonic_mean_rank": 438.22735262269094
      },
      "realistic": {
        "adjusted_arithmetic_mean_rank": 0.22915332669366142,
        "adjusted_arithmetic_mean_rank_index": 0.7709510413103727,
        "adjusted_geometric_mean_rank_index": 0.8613163059410828,
        "adjusted_hits_at_k": 0.027399735926773704,
        "adjusted_inverse_harmonic_mean_rank": 0.013447576888899604,
        "arithmetic_mean_rank": 1692.7218017578125,
        "count": 118142.0,
        "geometric_mean_rank": 754.136962890625,
        "harmonic_mean_rank": 70.77922058105469,
        "hits_at_1": 0.004282981496842782,
        "hits_at_10": 0.0280594538775372,
        "hits_at_3": 0.011816288872712499,
        "hits_at_5": 0.01707267525520137,
        "inverse_arithmetic_mean_rank": 0.0005907645099796355,
        "inverse_geometric_mean_rank": 0.0013260190607979894,
        "inverse_harmonic_mean_rank": 0.01412844005972147,
        "inverse_median_rank": 0.0008880994864739478,
        "median_absolute_deviation": 1346.202880859375,
        "median_rank": 1126.0,
        "standard_deviation": 1867.153564453125,
        "variance": 3486262.25,
        "z_arithmetic_mean_rank": 458.575010989446,
        "z_geometric_mean_rank": 296.5629617293158,
        "z_hits_at_k": 361.48444731344443,
        "z_inverse_harmonic_mean_rank": 438.2278996597981
      }
    },
    "head": {
      "optimistic": {
        "adjusted_arithmetic_mean_rank": 0.22665397144869734,
        "adjusted_arithmetic_mean_rank_index": 0.773451020729134,
        "adjusted_geometric_mean_rank_index": 0.8653866728914222,
        "adjusted_hits_at_k": 0.02662692716998839,
        "adjusted_inverse_harmonic_mean_rank": 0.013344909937146219,
        "arithmetic_mean_rank": 1669.702916828901,
        "count": 59071.0,
        "geometric_mean_rank": 729.9294912721407,
        "harmonic_mean_rank": 71.28745064929214,
        "hits_at_1": 0.004164480032503259,
        "hits_at_10": 0.027289194359330297,
        "hits_at_3": 0.011596214724653383,
        "hits_at_5": 0.016454774762573853,
        "inverse_arithmetic_mean_rank": 0.000598908937584657,
        "inverse_geometric_mean_rank": 0.0013699953378471846,
        "inverse_harmonic_mean_rank": 0.01402771442788198,
        "inverse_median_rank": 0.0009345794392523365,
        "median_absolute_deviation": 1306.1725545034353,
        "median_rank": 1070.0,
        "standard_deviation": 1856.2970679320485,
        "variance": 3445838.8044131207,
        "z_arithmetic_mean_rank": 325.26585775905033,
        "z_geometric_mean_rank": 210.67851001584918,
        "z_hits_at_k": 248.01840045469604,
        "z_inverse_harmonic_mean_rank": 307.0389007921869
      },
      "pessimistic": {
        "adjusted_arithmetic_mean_rank": 0.22665409783863327,
        "adjusted_arithmetic_mean_rank_index": 0.7734508943220388,
        "adjusted_geometric_mean_rank_index": 0.8653864240466689,
        "adjusted_hits_at_k": 0.02662692716998839,
        "adjusted_inverse_harmonic_mean_rank": 0.013344862142343882,
        "arithmetic_mean_rank": 1669.7038479118348,
        "count": 59071.0,
        "geometric_mean_rank": 729.9308387633835,
        "harmonic_mean_rank": 71.28769337046576,
        "hits_at_1": 0.004164480032503259,
        "hits_at_10": 0.027289194359330297,
        "hits_at_3": 0.011596214724653383,
        "hits_at_5": 0.016454774762573853,
        "inverse_arithmetic_mean_rank": 0.0005989086036129222,
        "inverse_geometric_mean_rank": 0.0013699928087627532,
        "inverse_harmonic_mean_rank": 0.014027666666155543,
        "inverse_median_rank": 0.0009345794392523365,
        "median_absolute_deviation": 1306.1725545034353,
        "median_rank": 1070.0,
        "standard_deviation": 1856.2979449395816,
        "variance": 3445842.060386914,
        "z_arithmetic_mean_rank": 325.2658046000123,
        "z_geometric_mean_rank": 210.67844943455822,
        "z_hits_at_k": 248.01840045469604,
        "z_inverse_harmonic_mean_rank": 307.03780113219347
      },
      "realistic": {
        "adjusted_arithmetic_mean_rank": 0.22665403284779267,