{
  "losses": [
    0.21562032112159019,
    0.062400814653797584,
    0.06339281553417937,
    0.06993006499222487,
    0.07488517418565337,
    0.07707762874447363,
    0.0781539428040139,
    0.07902882239696654,
    0.0796101860825188,
    0.07929326755510381,
    0.07971109936306299,
    0.08035734285839087,
    0.08028198359149301,
    0.08071952526388336,
    0.08003053401619935,
    0.08048909601624593,
    0.08122442528020499,
    0.08159976330978319,
    0.08138330029862478,
    0.08110414267602292,
    0.08146340383047407,
    0.08120089987185129,
    0.0814390461737952,
    0.0814777167421604,
    0.08170771070040209,
    0.08159452470496667,
    0.08183388429701574,
    0.08228807695487067,
    0.082031716069222,
    0.08156944620461504,
    0.08182317892874567,
    0.08222135679780944,
    0.08207023884977929,
    0.08108744751815954,
    0.08187743334853945,
    0.0818700325975487,
    0.08193385750363189,
    0.08242851387216779,
    0.08142344237974852,
    0.08250370909544555,
    0.08167450009914469,
    0.0817624382936388,
    0.08185855042158573,
    0.08135563383756345,
    0.08269409772993858,
    0.08197954046147421,
    0.08179505523448148,
    0.08180450784304172,
    0.08212892364802932,
    0.0820410825419894
  ],
  "metrics": {
    "both": {
      "optimistic": {
        "adjusted_arithmetic_mean_rank": 0.20789062827589702,
        "adjusted_arithmetic_mean_rank_index": 0.7922166185696384,
        "adjusted_geometric_mean_rank_index": 0.9555994603243266,
        "adjusted_hits_at_k": 0.11710694239214803,
        "adjusted_inverse_harmonic_mean_rank": 0.054149776297849186,
        "arithmetic_mean_rank": 1535.6573868734235,
        "count": 118142.0,
        "geometric_mean_rank": 242.12198502467857,
        "harmonic_mean_rank": 18.247326384576432,
        "hits_at_1": 0.02240524115047993,
        "hits_at_10": 0.11770581165038682,
        "hits_at_3": 0.05170049601327217,
        "hits_at_5": 0.07382641228352321,
        "inverse_arithmetic_mean_rank": 0.000651186917438652,
        "inverse_geometric_mean_rank": 0.004130149519045426,
        "inverse_harmonic_mean_rank": 0.0548025490926304,
        "inverse_median_rank": 0.003401360544217687,
        "median_absolute_deviation": 424.02423449260215,
        "median_rank": 294.0,
        "standard_deviation": 2801.306424008118,
        "variance": 7847317.68118915,
        "z_arithmetic_mean_rank": 471.22414407679435,
        "z_geometric_mean_rank": 329.0259388170731,
        "z_hits_at_k": 1544.9907422585004,
        "z_inverse_harmonic_mean_rank": 1764.6259196065585
      },
      "pessimistic": {
        "adjusted_arithmetic_mean_rank": 0.20789108891660288,
        "adjusted_arithmetic_mean_rank_index": 0.7922161578665645,
        "adjusted_geometric_mean_rank_index": 0.9555993109334261,
        "adjusted_hits_at_k": 0.11710694239214803,
        "adjusted_inverse_harmonic_mean_rank": 0.0541497484622464,
        "arithmetic_mean_rank": 1535.6607895583281,
        "count": 118142.0,
        "geometric_mean_rank": 242.12279630829656,
        "harmonic_mean_rank": 18.24733564646395,
        "hits_at_1": 0.02240524115047993,
        "hits_at_10": 0.11770581165038682,
        "hits_at_3": 0.05170049601327217,
        "hits_at_5": 0.07382641228352321,
        "inverse_arithmetic_mean_rank": 0.0006511854745523654,
        "inverse_geometric_mean_rank": 0.004130135680106277,
        "inverse_harmonic_mean_rank": 0.054802521276238185,
        "inverse_median_rank": 0.003401360544217687,
        "median_absolute_deviation": 424.02423449260215,
        "median_rank": 294.0,
        "standard_deviation": 2801.3094162719103,
        "variance": 7847334.445693671,
        "z_arithmetic_mean_rank": 471.22387004263936,
        "z_geometric_mean_rank": 329.02588737974673,
        "z_hits_at_k": 1544.9907422585004,
        "z_inverse_harmonic_mean_rank": 1764.625012503528
      },
      "realistic": {
        "adjusted_arithmetic_mean_rank": 0.20789087097928122,
        "adjusted_arithmetic_mean_rank_index": 0.7922163758333937,
        "adjusted_geometric_mean_rank_index": 0.9555993884238125,
        "adjusted_hits_at_k": 0.11710694239214803,
        "adjusted_inverse_harmonic_mean_rank": 0.054149767889122354,
        "arithmetic_mean_rank": 1535.6591796875,
        "count": 118142.0,
        "geometric_mean_rank": 242.12237548828125,
        "harmonic_mean_rank": 18.247329711914062,
        "hits_at_1": 0.02240524115047993,
        "hits_at_10": 0.11770581165038682,
        "hits_at_3": 0.05170049601327217,
        "hits_at_5": 0.07382641228352321,
        "inverse_arithmetic_mean_rank": 0.0006511861574836075,
        "inverse_geometric_mean_rank": 0.004130142740905285,
        "inverse_harmonic_mean_rank": 0.0548025406897068,
        "inverse_median_rank": 0.003401360474526882,
        "median_absolute_deviation": 424.02423095703125,
        "median_rank": 294.0,
        "standard_deviation": 2801.30810546875,
        "variance": 7847326.5,
        "z_arithmetic_mean_rank": 471.22399969307844,
        "z_geometric_mean_rank": 329.0259140607446,
        "z_hits_at_k": 1544.9907422585004,
        "z_inverse_harmonic_mean_rank": 1764.625645584054
      }
    },
    "head": {
      "optimistic": {
        "adjusted_arithmetic_mean_rank": 0.2342127767218601,
        "adjusted_arithmetic_mean_rank_index": 0.7658911892459719,
        "adjusted_geometric_mean_rank_index": 0.9462604641743159,
        "adjusted_hits_at_k": 0.10104569375037163,
        "adjusted_inverse_harmonic_mean_rank": 0.04814947287768398,
        "arithmetic_mean_rank": 1725.3867379932624,
        "count": 59071.0,
        "geometric_mean_rank": 291.99891780418477,
        "harmonic_mean_rank": 20.48836424411493,
        "hits_at_1": 0.020907044065615953,
        "hits_at_10": 0.10165732762269133,
        "hits_at_3": 0.045369132061417614,
        "hits_at_5": 0.06346599854412487,
        "inverse_arithmetic_mean_rank": 0.0005795802053996691,
        "inverse_geometric_mean_rank": 0.0034246702265883144,
        "inverse_harmonic_mean_rank": 0.04880819122918706,
        "inverse_median_rank": 0.0027100271002710027,
        "median_absolute_deviation": 532.2541964435111,
        "median_rank": 369.0,
        "standard_deviation": 3020.3601526770685,
        "variance": 9122575.451879444,
        "z_arithmetic_mean_rank": 322.086658293302,
        "z_geometric_mean_rank": 230.36724613872516,
        "z_hits_at_k": 941.197276606859,
        "z_inverse_harmonic_mean_rank": 1107.820232262188
      },
      "pessimistic": {
        "adjusted_arithmetic_mean_rank": 0.23421330296359352,
        "adjusted_arithmetic_mean_rank_index": 0.765890662932794,
        "adjusted_geometric_mean_rank_index": 0.9462602771922184,
        "adjusted_hits_at_k": 0.10104569375037163,
        "adjusted_inverse_harmonic_mean_rank": 0.048149448332212776,
        "arithmetic_mean_rank": 1725.3906146840243,
        "count": 59071.0,
        "geometric_mean_rank": 291.99993030991607,
        "harmonic_mean_rank": 20.48837454051744,
        "hits_at_1": 0.020907044065615953,
        "hits_at_10": 0.10165732762269133,
        "hits_at_3": 0.045369132061417614,
        "hits_at_5": 0.06346599854412487,
        "inverse_arithmetic_mean_rank": 0.0005795789031709396,
        "inverse_geometric_mean_rank": 0.0034246583515915342,
        "inverse_harmonic_mean_rank": 0.048808166700702295,
        "inverse_median_rank": 0.0027100271002710027,
        "median_absolute_deviation": 532.2541964435111,
        "median_rank": 369.0,
        "standard_deviation": 3020.3633273932655,
        "variance": 9122594.62946212,
        "z_arithmetic_mean_rank": 322.08643695839817,
        "z_geometric_mean_rank": 230.36720061790663,
        "z_hits_at_k": 941.197276606859,
        "z_inverse_harmonic_mean_rank": 1107.8196675214342
      },
      "realistic": {
        "adjusted_arithmetic_mean_rank": 0.23421305580725463,